"cntry_key","year","percent"
"SWE",1999,7.07685373
"SWE",2000,5.80903628
"SWE",2001,5.02645502999999
"SWE",2002,5.22732264
"SWE",2003,5.77301553
"SWE",2004,6.54327995
"SWE",2005,7.68003019
"SWE",2006,6.98589758
"SWE",2007,6.07711911
"SWE",2008,6.06867776
"SWE",2009,8.31992446
"SWE",2010,7.2249621914
